/*
 Navicat Premium Data Transfer

 Source Server         : my-mysql
 Source Server Type    : MySQL
 Source Server Version : 80031 (8.0.31)
 Source Host           : localhost:3306
 Source Schema         : molly_master

 Target Server Type    : MySQL
 Target Server Version : 80031 (8.0.31)
 File Encoding         : 65001

 Date: 15/12/2022 10:30:32
*/

SET NAMES utf8mb4;
SET FOREIGN_KEY_CHECKS = 0;

-- ----------------------------
-- Records of pms_dept
-- ----------------------------
INSERT INTO `pms_dept` (`dept_id`, `parent_id`, `dept_name`, `leader`, `leader_mobile`, `sort`, `description`, `ancestors`, `create_time`, `create_user`, `last_update_time`, `last_update_user`)
VALUES
(10001, 0, '集团', '张集团', '15055555555', 1, '集团', '0', '2022-06-10 23:07:51', 19980817, '2022-06-10 23:07:51', 19980817),
(10002, 10001, '研发部', '李研发', '15666666666', 5, '研发部', '0,10001', '2023-11-10 11:45:22', 19980817, '2023-11-10 11:45:22', 19980817),
(10003, 10001, '运营部', '陈运营', '15777777777', 20, '运营部', '0,10001', '2023-11-10 11:45:43', 19980817, '2023-11-10 11:45:43', 19980817),
(10004, 10001, '生产部', '王生产', '17888888888', 30, '生产部', '0,10001', '2023-11-10 11:46:18', 19980817, '2023-11-10 11:46:18', 19980817);


-- ----------------------------
-- Records of pms_role
-- ----------------------------
INSERT INTO `pms_role` (`role_id`, `role_name`, `sort`, `description`, `create_time`, `create_user`,
                        `last_update_time`, `last_update_user`)
VALUES (10001, '管理员', 10, '管理员', '2022-06-10 23:11:09', 19980817, '2022-06-10 23:11:09', 19980817),
(10002, '测试员', 20, '测试员', '2023-11-09 10:11:49', 19980817, '2023-11-09 10:11:49', 19980817),
(10003, '运营员', 30, '运营员', '2023-11-09 10:12:01', 19980817, '2023-11-09 10:12:01', 19980817);


-- ----------------------------
-- Records of  pms_user
-- ----------------------------
INSERT INTO `pms_user` (`user_id`, `avatar`, `username`, `mobile`, `email`, `nickname`, `password`,
                        `gender`, `dept_id`, `status`, `admin_flag`, `expired`, `create_time`,
                        `create_user`, `last_update_time`, `last_update_user`)
VALUES
(19980817, 'https://images.xaaef.com/08afb399498d4fecb6211c7c26175e8e.jpg', 'admin', '15666666666', 'admin@qq.com', '超级管理员', '$2a$10$jU7Bg8YLLeF.eoGOzSuZE./ns.lctGOQBX0RTXvhy3HXv8RikUaka', 1, 10001, 1, 1, NULL, '2021-05-14 11:17:33', 19980817, '2021-12-17 10:12:24', 19980817),
(6569516164032, 'https://oss.xaaef.com/molly/2023/11/8/654b3d6f4d522e95c87025c4.jpg', 'test456', '15984798797', 'test456@qq.com', '测试用户456', '$2a$10$9DLAUHW.SlgTYnbnNtZ5g.x6qLHuuDISDfCdD8gieaKQsuRvfiknW', 1, 10002, 1, 0, NULL, '2023-11-08 15:48:55', 19980817, '2023-11-09 11:47:15', 19980817),
(6569516878992, 'https://oss.xaaef.com/molly/2023/11/8/654b3d774d522e95c87025c5.jpg', 'test123', '15649849498', 'test123@qq.com', '测试用户123', '$2a$10$EPhFJOZzm7Nth50sBfFHhOTod3M7JGJybAkELequvyIYBmZWDLcAG', 0, 10003, 1, 0, '2024-11-08 15:33:19', '2023-11-08 15:49:40', 19980817, '2023-11-09 10:13:33', 6569516878992);


-- ----------------------------
-- Records of pms_user_role
-- ----------------------------
INSERT INTO `pms_user_role` (`user_id`, `role_id`) VALUES
(19980817, 10001),
(6569516164032, 10002),
(6569516878992, 10003);


-- ----------------------------
-- Records of pms_role_menu
-- ----------------------------
INSERT INTO `pms_role_menu` (`role_id`, `menu_id`) VALUES
(10001, 10001),
(10001, 10002),
(10001, 10003),
(10001, 10004),
(10001, 10005),
(10001, 10006),
(10001, 10007),
(10001, 10008),
(10001, 10009),
(10001, 10010),
(10001, 10011),
(10001, 10012),
(10001, 10013),
(10001, 10014),
(10001, 10015),
(10001, 10016),
(10001, 10017),
(10001, 10018),
(10001, 10019),
(10001, 10020),
(10001, 10021),
(10001, 10023),
(10001, 10024),
(10001, 10025),
(10001, 10026),
(10001, 10027),
(10001, 10028),
(10001, 10029),
(10001, 10030),
(10001, 10031),
(10001, 10032),
(10001, 10033),
(10001, 10034),
(10001, 10035),
(10001, 10036),
(10001, 10038),
(10001, 10039),
(10001, 10040),
(10001, 10041),
(10001, 10042),
(10001, 10043),
(10001, 10044),
(10001, 10045),
(10001, 10046),
(10001, 10047),
(10001, 10048),
(10001, 10049),
(10001, 10050),
(10001, 10051),
(10001, 10052),
(10001, 10053),
(10001, 10054),
(10002, 10041),
(10002, 10042),
(10002, 10044),
(10002, 10045),
(10002, 10046),
(10002, 10047),
(10003, 10017),
(10003, 10018),
(10003, 10019),
(10003, 10051),
(10003, 10023),
(10003, 10024),
(10003, 10025),
(10003, 10028),
(10003, 10029),
(10003, 10030),
(10003, 10032),
(10003, 10033),
(10003, 10003),
(10003, 10004),
(10003, 10005),
(10003, 10006),
(10003, 10007);


SET FOREIGN_KEY_CHECKS = 1;
